id,first_name,last_name
452657,Jon,Lester
425794,Adam,Wainwright
457435,Phil,Coke
435400,Jason,Motte
519166,Neil,Ramirez
593372,Carlos,Martinez
467008,Pedro,Strop
477229,Jordan,Walden
444468,Hector,Rondon
572096,Trevor,Rosenthal
433587,Felix,Hernandez
450308,Jered,Weaver
459987,Cesar,Ramos
543144,Danny,Farquhar
518703,Charlie,Furbush
605476,Carson,Smith
477569,Fernando,Salas
407845,Fernando,Rodney
506693,Henderson,Alvarez
527054,Julio,Teheran
501593,Luis,Avilan
462382,Jim,Johnson
445197,Mike,Dunn
573109,AJ,Ramos
276351,Jason,Grilli
502042,Chris,Archer
501957,Chris,Tillman
544993,Steve,Geltz
503285,Darren,O'Day
457117,Ernesto,Frieri
542924,Jeff,Beliveau
346797,Grant,Balfour
542960,Brad,Brach
488984,Tommy,Hunter
489446,Kirby,Yates
502154,Zach,Britton
430935,Cole,Hamels
453329,Clay,Buchholz
472610,Luis,Garcia
491646,Jeanmar,Gomez
518603,Justin,DeFratus
547749,Junichi,Tazawa
518617,Jake,Diekman
462945,Cesar,Jimenez
518927,Tommy,Layne
570649,Yordano,Ventura
502188,Jeff,Samardzija
516969,Kelvin,Herrera
543359,Dan,Jennings
475138,Kyle,Drabek
451584,Wade,Davis
425492,Ryan,Madson
572971,Dallas,Keuchel
446372,Corey,Kluber
448609,Tony,Sipp
425786,Scott,Atchison
502381,Luke,Gregerson
346798,Kyle,Lohse
452718,Kyle,Kendrick
518468,Michael,Blazek
425840,Neal,Cotts
519293,Will,Smith
429783,Rafael,Betancourt
502026,Jeremy,Jeffress
543184,Christian,Friedrich
456034,David,Price
461833,Phil,Hughes
543242,J.R.,Graham
150274,Joe,Nathan
453286,Max,Scherzer
112526,Bartolo,Colon
448614,Carlos,Torres
458584,Xavier,Cedeno
544727,Jeurys,Familia
502578,Aaron,Barrett
407819,Matt,Thornton
460283,Jerry,Blevins
234194,Buddy,Carlyle
456501,Johnny,Cueto
434538,Francisco,Liriano
276514,Kevin,Gregg
448159,Manny,Parra
471822,Jumbo,Diaz
453265,Tony,Watson
547973,Aroldis,Chapman
477132,Clayton,Kershaw
448306,James,Shields
554340,Yimi,Garcia
543883,Nick,Vincent
571057,Frank,Garces
518875,Shawn,Kelley
407908,Joel,Peralta
501822,Chris,Hatcher
518567,Josh,Collmenter
518516,Madison,Bumgarner
605177,Andrew,Chafin
543339,Daniel,Hudson
425657,Javier,Lopez
466948,Jean,Machi
489265,Sergio,Romo
346793,Jeremy,Affeldt
424144,Oliver,Perez
446899,Brad,Ziegler
433586,Santiago,Casilla
543243,Sonny,Gray
451596,Yovani,Gallardo
542914,Anthony,Bass
607309,Phil,Klein
542669,Roman,Mendez
519267,Evan,Scribner
547888,Masahiro,Tanaka
571800,Drew,Hutchison
455119,Chris,Martin
592741,Chasen,Shreve
502304,David,Carpenter
571901,Aaron,Loup
612434,Miguel,Castro
458677,Justin,Wilson
469134,Esmil,Rogers
572020,James,Paxton
450351,C.J.,Wilson
452666,Tom,Wilhelmsen
500721,Yoervis,Medina
621397,Tyler,Olson
434718,Huston,Street
502009,Mat,Latos
543272,Brad,Hand
622072,Alex,Wood
473879,Sam,Dyson
594792,Brandon,Cunniff
592533,Cody,Martin
457768,Bryan,Morris
518553,Steve,Cishek
475479,David,Phelps
462089,Juan,Jaime
501992,Nate,Karns
612672,Wei-Yin,Chen
592332,Kevin,Gausman
448178,Kevin,Jepsen
502202,Brad,Boxberger
490063,Matt,Garza
543475,Jordan,Lyles
592804,Tyler,Thornburg
457429,Boone,Logan
455009,Jonathan,Broxton
493603,Adam,Ottavino
408061,Francisco,Rodriguez
115629,LaTroy,Hawkins
425844,Zack,Greinke
475115,Tyson,Ross
520980,Pedro,Baez
572089,Paco,Rodriguez
445612,Dale,Thayer
434442,J.P.,Howell
276542,Joaquin,Benoit
504379,Juan,Nicasio
518886,Craig,Kimbrel
523989,Rubby,De La Rosa
285064,Ryan,Vogelsong
433589,Yusmeiro,Petit
517414,Randall,Delgado
502004,George,Kontos
605359,Evan,Marshall
592665,Addison,Reed
534910,Jesse,Hahn
407890,Colby,Lewis
447714,Eric,O'Flaherty
605309,Keone,Kela
445926,Jesse,Chavez
474521,Shawn,Tolleson
472551,Fernando,Abad
491703,Neftali,Feliz
547874,Hisashi,Iwakuma
533167,Matt,Shoemaker
501625,Jose,Alvarez
573046,Mike,Morin
501925,Joe,Smith
543408,Tom,Koehler
571946,Shelby,Miller
543606,Jake,Odorizzi
456068,Miguel,Gonzalez
451085,Brian,Matusz
592329,Jason,Garcia
449079,Wesley,Wright
421685,Aaron,Harang
519144,Rick,Porcello
543726,Robbie,Ross
571704,Ken,Giles
449097,Jonathan,Papelbon
468396,Alexi,Ogando
518633,Danny,Duffy
500779,Jose,Quintana
430630,Jason,Frasor
457915,Javy,Guerra
435043,Zach,Duke
474029,Zach,Putnam
518813,Greg,Holland
444857,Scott,Feldman
471911,Carlos,Carrasco
491159,Joe,Thatcher
444935,Nick,Hagadone
519240,Marc,Rzepczynski
450212,Pat,Neshek
543766,Bryan,Shaw
501789,Will,Harris
592102,Cody,Allen
503449,Wily,Peralta
572750,Eddie,Butler
453156,Brooks,Brown
446099,John,Axford
434671,Anibal,Sanchez
445060,Ricky,Nolasco
431162,Tim,Stauffer
457744,Aaron,Thompson
553970,Angel,Nesbitt
571871,Ian,Krol
430641,Blaine,Boyer
456379,Al,Alburquerque
465657,Joakim,Soria
519455,Jordan,Zimmermann
594798,Jacob,deGrom
489334,Craig,Stammen
606160,Rafael,Montero
595014,Blake,Treinen
519322,Drew,Storen
502190,Mike,Leake
543037,Gerrit,Cole
571561,Tony,Cingrani
453172,Jared,Hughes
488674,Burke,Badenhop
455374,Antonio,Bastardo
491708,Arquimedes,Caminero
543746,Rob,Scahill
543331,J.J.,Hoover
453343,Mark,Melancon
467785,Radhames,Liz
435221,Brandon,McCarthy
488768,Andrew,Cashner
476451,Jeremy,Hellickson
518790,Chris,Heston
453562,Jake,Arrieta
458681,Lance,Lynn
543779,Kevin,Siegrist
279571,Matt,Belisle
431148,Scott,Kazmir
446321,Ross,Detwiler
548337,Logan,Verrett
519096,Dan,Otero
571439,R.J.,Alvarez
501381,Michael,Pineda
285079,R.A.,Dickey
476454,Dellin,Betances
446399,Brett,Cecil
532077,Roberto,Osuna
453192,Andrew,Miller
571527,David,Buchanan
475416,Justin,Masterson
430661,Dustin,McGowan
444520,Craig,Breslow
465629,Edward,Mujica
450172,Edinson,Volquez
433579,John,Danks
458006,Matt,Albers
502085,David,Robertson
592879,Asher,Wojciechowski
545333,Trevor,Bauer
465679,Samuel,Deduno
641490,Kyle,Crockett
430589,Chad,Qualls
572888,Shane,Greene
502043,Kyle,Gibson
502272,Casey,Fien
488846,Brian,Duensing
450282,Glen,Perkins
452733,Tom,Gorzelanny
544931,Stephen,Strasburg
518774,Matt,Harvey
543699,Tanner,Roark
456776,Alex,Torres
543101,Anthony,DeSclafani
150359,A.J.,Burnett
453178,Ian,Kennedy
218596,Tim,Hudson
628333,Odrisamer,Despaigne
608665,Kendall,Graveman
607259,Nick,Martinez
461325,Tyler,Clippard
282332,CC,Sabathia
596057,Daniel,Norris
543135,Nathan,Eovaldi
489119,Wade,Miley
460008,Anthony,Varvaro
453214,Steven,Wright
554431,Tyler,Matzek
475243,Travis,Wood
548357,Christian,Bergman
489295,Brian,Schlitter
429719,Edwin,Jackson
502083,Zach,McAllister
430580,Alfredo,Simon
461872,Anthony,Swarzak
543278,Blaine,Hardy
501955,Joba,Chamberlain
502706,Derek,Holland
543521,Collin,McHugh
502327,Hector,Santiago
450306,Jason,Vargas
502260,Vinnie,Pestano
502624,Chase,Anderson
474463,Brett,Anderson
456051,Hector,Noesi
543548,Tommy,Milone
445590,Eric,Stults
477003,Jonathon,Niese
592340,Erik,Goeddel
543219,Sean,Gilmartin
571666,Mike,Fiers
502046,Jeff,Locke
519141,Drew,Pomeranz
592836,Taijuan,Walker
453344,Brandon,Morrow
453311,Tim,Lincecum
150302,Jason,Marquis
407793,John,Lackey
595307,Seth,Maness
429717,Dan,Haren
541640,Erasmo,Ramirez
542882,Matt,Andriese
502032,Bud,Norris
279824,Mark,Buehrle
521230,Liam,Hendriks
518833,Colt,Hynes
462136,Marco,Estrada
425532,Jerome,Williams
461829,Gio,Gonzalez
476589,Adam,Warren
523260,Joe,Kelly
595441,Matt,Tracy
434628,Jason,Hammel
433584,Roberto,Hernandez
457754,Jon,Edwards
425386,Jeremy,Guthrie
607968,Drew,Rucinski
605151,Archie,Bradley
460059,Mike,Pelfrey
518716,Dillon,Gee
519076,Jimmy,Nelson
474699,Vance,Worley
457918,J.A.,Happ
543506,Brandon,Maurer
608379,Michael,Wacha
329092,Randy,Choate
543054,Jarred,Cosart
434622,Ubaldo,Jimenez
592717,Aaron,Sanchez
445170,Todd,Redmond
450729,Doug,Fister
434678,Kyle,Davies
543294,Kyle,Hendricks
543334,TJ,House
543456,Kyle,Lobstein
542866,Austin,Adams
451788,Shaun,Marcum
432934,Chris,Young
519263,A.J.,Schugel
519242,Chris,Sale
605374,Andrew,McKirahan
594987,Casey,Sadler
408241,Jake,Peavy
595371,Chris,Rearick
628452,Raisel,Iglesias
453646,Carlos,Villanueva
457711,Sean,O'Sullivan
516935,Stolmy,Pimentel
543507,Trevor,May
462985,Franklin,Morales
605169,Carter,Capps
608678,Dominic,Leone
573127,Zac,Rosscup
623184,Scott,Oberg
502239,Trevor,Cahill
516970,Sugar Ray,Marimon
570632,Jose,Urena
502748,Brad,Peacock
453307,David,Huff
493157,Koji,Uehara
519168,Anthony,Ranaudo
573244,Adam,Wilk
543881,Pedro,Villarreal
572038,Branden,Pinder
523848,Jose,Dominguez
514669,Rafael,Martin
573204,Caleb,Thielbar
571893,Adam,Liberatore
592677,C.J.,Riefenhauser
553878,Felipe,Vazquez
489294,Tanner,Scheppers
456701,Homer,Bailey
517593,Danny,Salazar
464416,Yohan,Pino
572070,Garrett,Richards
433585,Jeff,Francis
460156,Brandon,Gomes
407822,Jorge,De La Rosa
621962,Ian,Thomas
607074,Carlos,Rodon
434665,Nick,Masset
592135,Cam,Bedrosian
477195,Ike,Davis
542674,Gonzalez,Germen
502593,Jake,Petricka
504186,Arnold,Leon
594840,Matt,Grace
502211,Mike,Bolsinger
593576,Hector,Neris
607374,Nick,Tropeano
543935,Alex,Wilson
534812,Kevin,Quackenbush
570663,Hansel,Robles
434643,Wandy,Rodriguez
592767,Drew,Smyly
598264,Matt,Barnes
605135,Chris,Bassitt
451661,Josh,Fields
435045,Sergio,Santos
476595,Lucas,Luetge
518771,Mitch,Harris
543942,Rob,Wooten
543409,Michael,Kohn
592390,Heath,Hembree
475857,Ryan,Cook
435044,Scott,Baker
516910,Carlos,Frias
606273,Roenis,Elias
543508,Cory,Mazzoni
592222,Alex,Claudio
501870,Everett,Teaford
504083,Jorge,Rondon
605232,Brandon,Finnegan
605894,Severino,Gonzalez
595032,Chase,Whitley
595918,A.J.,Cole
453222,Scott,Carroll
542609,Enrique,Burgos
547179,Michael,Lorenzen
542266,Carlos,Contreras
605333,Jack,Leathersich
607405,John,Cornely
543859,Michael,Tonkin
453264,Donnie,Veal
608641,Tim,Cooney
444436,Ryan,Webb
519301,Sammy,Solis
592314,Mike,Foltynewicz
502087,Kevin,Chapman
517008,Alex,Colome
452027,Andrew,Albers
571577,Scott,Copeland
519151,Ryan,Pressly
594977,Ken,Roberts
648737,Dalier,Hinojosa
605477,Chad,Smith
592815,Sam,Tuivailala
462515,Miguel,Socolovich
544928,Tyler,Lyons
460701,James,Russell
543056,Danny,Coulombe
447755,Steve,Delabar
554432,Chad,Jenkins
451532,Chad,Billingsley
542587,Elvis,Araujo
592662,Robbie,Ray
543921,Joe,Wieland
346847,Joe,Beimel
450275,Mark,Lowe
607359,Spencer,Patton
518748,Justin,Grimm
460024,Luke,Hochevar
451775,Fernando,Rodriguez Jr.
554234,Williams,Perez
519008,T.J.,McFarland
445213,Brandon,Kintzler
424325,David,Ross
458919,Ryan,Mattheus
136600,Bruce,Chen
502162,Angel,Castro
571479,Andrew,Bellatti
572193,Ryan,Tepera
500724,JC,Ramirez
573064,Vidal,Nuno
592789,Noah,Syndergaard
519208,Clint,Robinson
519085,Brett,Oberholtzer
518452,Chad,Bettis
518693,Sam,Freeman
493117,Kyuji,Fujikawa
489039,Bobby,LaFromboise
456071,Yohan,Flande
445276,Kenley,Jansen
542432,Jose,Ramirez
605156,Aaron,Brooks
430599,Joe,Blanton
605541,Mike,Wright Jr.
456027,Ross,Ohlendorf
425626,Chris,Capuano
459429,Jake,McGee
621121,Lance,McCullers
594772,Jake,Buchanan
608349,Corey,Knebel
493159,Tsuyoshi,Wada
592869,Tyler,Wilson
448802,Jaime,Garcia
543118,Oliver,Drake
544836,Enny,Romero
445163,Casey,Janssen
519326,Hunter,Strickland
571735,David,Hale
434540,Garrett,Jones
475054,Chaz,Roe
543258,Preston,Guilmet
605338,Jacob,Lindgren
450203,Charlie,Morton
476570,Vin,Mazzaro
543734,Chris,Rusin
516589,Andre,Rienzo
592341,David,Goforth
594986,Kyle,Ryan
448281,Sean,Doolittle
593958,Eduardo,Rodriguez
571476,Chris,Beck
543900,Daniel,Webb
571656,Buck,Farmer
518863,Taylor,Jordan
592346,Chi Chi,Gonzalez
621281,Tyler,Wagner
593140,Michael,Feliz
592398,Taylor,Hill
592454,Tommy,Kahnle
515052,Mayckol,Guaipe
502051,Josh,Ravin
572788,Tyler,Cravy
543557,Mike,Montgomery
500891,Edgar,Ibarra
544759,Bo,Schultz
519381,Pat,Venditte
621209,Jon,Moscot
501627,Cesar,Cabral
605452,Joe,Ross
572309,Kendry,Flores
456696,David,Hernandez
543380,Taylor,Jungmann
502264,Nate,Adcock
430911,David,Aardsma
592826,Vince,Velasquez
543045,Adam,Conley
445968,Dana,Eveland
448855,Junior,Guerra
547348,C.C.,Lee
429781,Kevin,Correia
491696,Jesus,Sucre
543903,Allen,Webster
458678,Mike,Broadway
458730,Bobby,Parnell
434378,Justin,Verlander
641627,Trevor,Gott
425796,Jeff,Francoeur
518653,Jake,Elmore
545338,Nick,Franklin
430605,Ryan,Raburn
461815,David,Murphy
518764,Donovan,Hand
502522,Justin,Miller
592570,Akeel,Morris
506560,Alexi,Amarista
430613,Ronald,Belisario
605538,Matt,Wisler
518418,Phillippe,Aumont
453249,Jeff,Manship
571951,Bryan,Mitchell
425543,Josh,Wilson
592593,Justin,Nicolino
519411,Matt,West
519229,Seth,Rosin
592181,Danny,Burawa
517059,Jose,De Paula
605388,Adam,Morgan
594736,Cody,Anderson
514981,Diego,Moreno
595001,Josh A.,Smith
592527,Michael,Mariot
592705,Nick,Rumbelow
571710,Mychal,Givens
458690,Chris,Volstad
571760,Andrew,Heaney
467100,Ivan,Nova
456496,Marcos,Mateo
608167,Jonathan,Aro
541652,Bruce,Rondon
543542,Alex,Meyer
489267,Adam,Rosales
519169,Rob,Rasmussen
500610,Deolis,Guerra
543698,Donn,Roach
571510,Matthew,Boyd
571927,Steven,Matz
538506,Toru,Murata
592781,Matt,Stites
502010,Jake,Brigham
502462,Ryan,Kelly
502281,Marcus,Hatley
519043,Matt,Moore
605228,Jose,Fernandez
430912,Matt,Cain
544365,Manny,Banuelos
573185,Dan,Straily
598287,Noe,Ramirez
592612,Josh,Osich
467094,Felix,Doubront
571578,Patrick,Corbin
453385,Clayton,Richard
543716,David,Rollins
594815,Jeff,Ferrell
429722,Ervin,Santana
572403,Drew,VerHagen
474668,Eric,Surkamp
527055,Arodys,Vizcaino
518526,David,Carpenter
594951,Ryan,O'Rourke
542923,Dallas,Beeler
457448,Matt,Harrison
444836,Aaron,Laffey
425835,Chin-hui,Tsao
571521,Rex,Brothers
545404,Brandon,Beachy
572889,Nick,Greenwood
516769,Jenrry,Mejia
527048,Martin,Perez
400089,Rafael,Soriano
450665,Kris,Medlen
598271,Brian,Johnson
518420,Dylan,Axelrod
593582,Abel,De Los Santos
605400,Aaron,Nola
643327,Zack,Godley
545346,Zach,Lee
571584,Caleb,Cotham
580792,Nick,Goody
571787,David,Holmberg
572102,Keyvius,Sampson
543094,Jaff,Decker
474284,Cory,Rasmus
621408,Matt,Marksberry
572308,Jose A.,Valdez
425560,Adam,LaRoche
607068,Chris,Reed
623395,Brian,Ellington
599998,Leonel,Campos
596064,Henry,Owens
592351,Jon,Gray
489138,Tyler,Moore
622663,Luis,Severino
608648,Tyler,Duffey
429780,Chris,Narveson
518858,Nate,Jones
607457,Kyle,Barraclough
592091,A.J.,Achter
594857,Keith,Hessler
453203,Shane,Robinson
542888,Shawn,Armstrong
429400,Adam,Loewen
607067,Colin,Rea
543424,John,Lamb
502166,Brad,Mills
458708,Josh,Tomlin
493247,Peter,Moylan
543607,Edgar,Olmos
449170,Erik,Cordier
456121,Chris,Denorfia
459967,Sam,LeCure
543518,Scott,McGough
595191,Jerad,Eickhoff
150116,Randy,Wolf
605317,Guido,Knudson
444446,Collin,Balester
519186,Matt,Reynolds
434137,Logan,Kensing
501563,Simon,Castro
545064,Jairo,Diaz
468504,Jhoulys,Chacin
453895,Brendan,Ryan
430404,Jonny,Gomes
543261,Jason,Gurka
611093,Silvino,Bracho
594742,Alec,Asher
605226,Andrew,Faulkner
623430,Ryan,Dull
602083,Miguel,Almonte
489002,Steve,Johnson
594835,Marco,Gonzales
593423,Frankie,Montas
425856,Gavin,Floyd
518397,Scott,Alexander
457732,Andrew,Bailey
605396,Colton,Murray
605200,Zach,Davies
595235,Cody,Hall
543964,Tony,Zych
592426,Luke,Jackson
543803,Giovanni,Soto
516414,Ariel,Pena
612272,Raudel,Lazo
572021,James,Pazos
605304,Erik,Johnson
543594,Sean,Nolin
605218,Carl,Edwards
488786,Louis,Coleman
516714,Dario,Alvarez
543901,Ryan,Weber
596331,Nefi,Ogando
518715,Cory,Gearrin
594762,Brett,Bochy
573186,Marcus,Stroman
448179,Rich,Hill
543351,Jay,Jackson
544725,Leury,Garcia
493351,Alexei,Ramirez
572362,Robbie,Erlin
543391,Casey,Kelly
217096,Barry,Zito
595465,Dan,Winkler
553872,Yhonathan,Barrios
605288,Adrian,Houser
605347,Jorge,Lopez
457456,Jo-Jo,Reyes
400085,Ichiro,Suzuki
531565,Miguel,Mejia
542326,Jose ,Molina
542225,Starling,Peralta
608698,Stephen,Perakslis
493200,Seunghwan,Oh
545332,Jake,Barrett
488748,Ryan,Buchter
606131,Luis,Perdomo
592127,Johnny,Barbato
449104,Jim,Henderson
501817,Tony,Barnette
543022,Tyler,Chatwood
628317,Kenta,Maeda
502028,Blake,Wood
621199,Matt,Bowman
458537,Cory,Luebke
607231,John,Gant
605164,Dylan,Bundy
596112,Robert,Stephenson
621385,Daniel,Stumpf
607352,Joe,Biagini
606965,Chris,Devenski
548389,Ross,Stripling
570666,Luis,Cessa
456167,A.J.,Griffin
425426,Chien-Ming,Wang
501936,Matt,Buschmann
543532,Tim,Melville
519437,Chris,Withrow
543017,Hunter,Cervenka
657670,Greg,Mahle
573124,Taylor,Rogers
571882,Derek,Law
595345,Steven,Okert
621295,Nick,Wittgren
502457,Drew,Hayes
571035,William,Cuevas
643325,Chad,Girodo
608032,Carlos,Estevez
643297,Cody,Ege
570714,Cesar,Vargas
605483,Blake,Snell
594760,Aaron,Blair
501697,Jhan,Marinez
592811,Andrew,Triggs
572990,Pat,Light
456124,Erik,Kratz
621244,Jose,Berrios
457779,Michael,Kirkman
605242,Michael,Fulmer
640455,Sean,Manaea
657205,Zac,Curtis
534947,Tim,Adleman
543169,Brian,Flynn
544150,Albert,Suarez
605525,J.B.,Wendelken
572033,Josh,Phegley
534737,Pat,Dean
594943,Zach,Neal
456713,Matt,Bush
643550,Layne,Somsen
599683,Warwick,Saupold
518883,Dean,Kiekhefer
643338,Chad,Green
571969,Conor,Mullee
542884,Dustin,Antolin
594027,Tayron,Guerrero
621219,Alec,Mills
605182,Mike,Clevinger
517448,Wilfredo,Boscan
514913,Ruben,Tejada
545357,Matt,Purke
500765,Dayan,Diaz
642229,Daniel,Wright
571963,A.J.,Morris
573188,Tyler,Sturdevant
572208,Ashur,Tolliver
623439,Ryan,Garton
628711,Julio,Urias
542953,Buddy,Boshers
506433,Yu,Darvish
546276,Edwin,Escobar
542947,Richard,Bleier
608717,Chris,Stratton
607320,Ryan,Merritt
542194,Christian,Bethancourt
606930,Jacob,Barnes
502285,Tyler,Ladendorf
621242,Edwin,Diaz
592791,Jameson,Taillon
543776,JB,Shuck
608638,JT,Chargois
641501,Tyler,Danish
596043,Daniel,Mengden
542881,Tyler,Anderson
539438,Scott,Diamond
573589,Michael,Ynoa
621107,Zach,Eflin
642003,Cody,Reed
461865,Andrew,Romine
592716,Adrian,Sampson
489197,Curtis,Partch
518560,Paul,Clemens
615868,Gerardo,Concepcion
592433,Tyrell,Jenkins
519344,Nick,Tepesch
591693,Edubray,Ramos
453281,Wade,LeBlanc
460077,Drew,Butera
592614,Dillon,Overton
641771,Chad,Kuhl
606291,Mauricio,Cabrera
608337,Lucas,Giolito
503444,Joel,De La Cruz
592779,Brock,Stewart
607625,Seth,Lugo
572365,Ryan,Goins
446381,Darwin,Barney
600301,Taylor,Motter
534606,Ryan,LaMarre
596049,Shawn,Morimando
449173,Lucas,Harrell
592407,Bryan,Holaday
664641,Ariel,Miranda
471083,Miguel,Montero
460269,Chris,Gimenez
593969,Jayson,Aquino
451783,Dustin,Molleken
607706,Michael,Roth
572044,Brooks,Pounders
572119,Patrick,Schuster
643230,Steven,Brault
600917,Jose,Leclerc
571670,Dylan,Floro
592419,Jared,Hoying
607192,Tyler,Glasnow
547943,Hyun-Jin,Ryu
571572,Joe,Colon
571473,Buddy,Baumann
643354,Donnie,Hart
545363,Jacob,Turner
608334,Carson,Fulmer
625643,Reynaldo,Lopez
606983,Koda,Glover
594795,Grant,Dayton
594577,Mike,Mayers
640463,Braden,Shipley
572140,Tyler,Skaggs
596143,Luis,Sardinas
446185,Logan,Ondrusek
643355,Steve,Hathaway
621381,Matt,Strahm
605397,Joe,Musgrove
592130,Danny,Barnes
572831,Josh,Edgin
547007,Rob,Whalen
624586,James,Hoyt
453284,Blake,Parker
622097,Jake,Thompson
572283,Madison,Younginer
434672,Chris,Smith
621052,Alex,Reyes
500871,Eduardo,Escobar
594311,Jandel,Gustave
592169,Austin,Brice
571539,Matt,Carasiti
592422,Jason,Hursh
593679,Gabriel,Ynoa
596133,Luke,Weaver
571911,Damien,Magnifico
497807,Frank,Herrmann
643603,Tyler,White
570240,Felix,Pena
642239,Rob,Zastryzny
608718,Brent,Suter
519294,Josh,Smoker
656546,Jeff,Hoffman
475247,Ryan,Flaherty
606167,Adalberto,Mejia
592170,Parker,Bridwell
534627,Tyler,Holt
607229,Robert,Gsellman
621294,Ben,Heller
592872,Alex,Wimmers
553883,Vicente,Campos
656186,Dan,Altavilla
605222,Jake,Esch
592330,Perci,Garner
573668,Juan,Minaya
623406,Shae,Simmons
582494,Robby,Scott
656547,Jonathan,Holder
502171,Alex,Cobb
543195,Eddie,Gamboa
605152,Jed,Bradley
573009,Joe,Mantiply
572086,Brady,Rodgers
517629,Kelvin,Marte
571616,Matt,Dermody
430634,Sean,Burnett
594985,Ben,Rowen
592254,Jose,De Leon
593974,Wandy,Peralta
593417,Raul,Alcantara
621389,Ty,Blach
622795,Yohander,Mendez
605194,Jharel,Cotton
607727,Jake,Smith
592866,Trevor,Williams
608566,German,Marquez
600944,David,Paulino
641838,Kevin,McCarthy
571863,Matt,Koch
476123,Justin,Marks
544930,Blake,Smith
570257,Joely,Rodriguez
452061,Zach,Phillips
543483,Matt,Magill
600526,Jose,Torres
592644,Adam,Plutko
643493,Austin,Pruitt
501985,Mike,Minor
592120,Barrett,Astin
622766,Miguel,Diaz
595234,Justin,Haley
608328,Chase,De Jong
622608,Antonio,Senzatela
606959,Rookie,Davis
664701,Ben,Taylor
607237,Amir,Garrett
607536,Kyle,Freeland
554430,Zack,Wheeler
276520,Bronson,Arroyo
623149,Paul,Sewald
623434,Mike,Hauschild
596271,Casey,Lawrence
596001,Jakob,Junis
656756,Jordan,Montgomery
492841,Michael,Martinez
641729,Joe,Jimenez
592229,Dylan,Covey
641438,Shane,Carle
606424,Jarlin,Garcia
592233,Stefan,Crichton
607219,Sal,Romano
430947,Erick,Aybar
491624,Cesar,Valdez
570810,Lisalverto,Bonilla
596720,Dovydas,Neverauskas
554374,Ariel,Hernandez
629496,Chih-Wei,Hu
643410,Mark,Leiter Jr.
608700,Kevin,Plawecki
601713,Nick,Pivetta
641941,Emilio,Pagan
621237,Jose,Alvarado
592833,Bobby,Wahl
519443,Brandon,Workman
641871,Keynan,Middleton
458676,Josh,Lindblom
518445,Chad,Bell
543208,Sam,Gaviglio
606149,Giovanny,Gallegos
592773,Ryne,Stanek
500872,Gregory,Infante
502212,Austin,Bibens-Dirkx
584171,Hector,Velazquez
502179,Paolo,Espino
572955,Pierce,Johnson
502273,Mike,Freeman
543357,Jordan,Jankowski
608716,Drew,Steckenrider
659275,Dinelson,Lamet
543652,Tyler,Pill
455376,Arcenio,Leon
605154,John,Brebbia
607215,Eric,Skoglund
605528,Jason,Wheeler
621056,Hunter,Wood
594056,Reymin,Guduan
620982,Ricardo,Pinto
600968,Randy,Rosario
643329,Brad,Goldberg
594902,Ben,Lively
607188,Jake,Faria
433217,Andres,Blanco
642564,Francis,Martes
571676,Seth,Frankoff
543031,Tyler,Cloyd
650828,Edgar,Santana
623352,Josh,Hader
656794,Sean,Newcomb
593334,Domingo,German
642231,Jimmy,Yacabonis
664208,Phil,Maton
543867,Nik,Turley
434563,Carlos,Ruiz
622703,Ronald,Herrera
605254,Daniel,Gossett
545348,Austin,Maddox
641427,Alan,Busenitz
572728,Michael,Brady
621058,Andrew,Moore
605428,Max,Povse
605195,Kyle,Crick
622161,Eduardo,Paredes
622491,Luis,Castillo
657610,Trevor,Hildenberger
571948,Hoby,Milner
643778,Tyler,Webb
607473,Chasen,Bradford
502011,Preston,Claiborne
627262,Chris,Smith
594992,Kevin,Shackelford
592473,Adam,Kolarek
642098,Glenn,Sparkman
493114,Norichika,Aoki
592753,Dan,Slania
621112,Paul,Blackburn
623451,Jackson,Stephens
608652,Luke,Farrell
602928,Felix,Jorge
445055,Jon,Jay
622217,Chris,O'Grady
613534,Austin L.,Adams
592761,Caleb,Smith
552640,Andrew,Kittredge
573016,Kyle,Martin
607455,Anthony,Banda
487675,Edward,Paredes
614179,Jose,Ruiz
643414,Kyle,Lloyd
592592,Brett,Nicholas
607481,Aaron,Bummer
541650,Hernan,Perez
623167,Christopher,Flexen
644428,Troy,Scribner
592279,Jesen,Therrien
474039,Pedro,Beato
623913,Wei-Chung,Wang
607200,Erick,Fedde
657681,Kyle,McGrath
518614,Daniel,Descalso
608371,Lucas,Sims
623454,Drew,Anderson
605540,Brandon,Woodruff
608331,Max,Fried
518566,Taylor,Cole
608650,Dietrich,Enns
635903,Chris,Rowley
600986,Thyago,Vieira
571697,Scooter,Gennett
600965,Ricardo,Rodriguez
641835,Tim,Mayza
642083,Aaron,Slegers
572998,Josh,Lucas
642073,Jimmie,Sherfy
641850,Kevin,McGowan
605441,Yacksel,Rios
643320,Nick,Gardewine
591701,Alejandro,Chacin
621345,A.J.,Minter
605795,Angel,Sanchez
519048,Mitch,Moreland
595928,John,Curtiss
595411,Ryan,Sherriff
643617,Zac,Reininger
607162,Onelki,Garcia
641816,Tyler,Mahle
605204,J.D.,Davis
607951,Jairo,Labourt
594580,Sam,Moll
596071,Dillon,Peters
656427,Jack,Flaherty
570702,Carlos,Ramirez
594867,Myles,Jaye
600921,Andres,Machado
521655,Wilmer,Font
503566,Fabio,Castillo
642008,Jacob,Rhame
621094,Jamie,Callahan
608601,Luis,Santos
593144,Richard,Rodriguez
596027,Dillon,Maples
645261,Sandy,Alcantara
547982,Leonys,Martin
592499,Artie,Lewicki
605240,Jace,Fry
622505,Victor,Alcantara
606625,Reyes,Moronta
596816,Roberto,Gomez
592865,Taylor,Williams
627894,Luiz,Gohara
542963,Rob,Brantly
621111,Walker,Buehler
502130,Dan,Runzler
592547,Deck,McGuire
644364,Victor,Arano
622382,Gabriel,Moya
627500,Jen-Ho,Tseng
658792,Aaron,Wilkerson
656945,Tanner,Scott
622492,Keury,Mella
641745,Brad,Keller
657612,Tim,Hill
572143,Burch,Smith
673633,Yoshihisa,Hirano
643256,Adam,Cimber
663855,Jordan,Hicks
664192,Joey,Lucchesi
628318,Kazuhisa,Makita
572703,Luke,Bard
642232,Ryan,Yarbrough
596074,Bobby,Poyner
641482,Nestor,Cortes 
606478,Pedro,Araujo
465753,Pedro,Florimon
660271,Shohei,Ohtani
630023,Yonny,Chirinos
519393,Marcus,Walden
543001,Ryan,Carpenter
670950,Trevor,Richards
571945,Miles,Mikolas
605280,Clay,Holmes
641755,Tyler,Kinley
621002,Daniel,Robertson
595881,Tyler,Beede
663432,Tanner,Rainey
642545,Jaime,Barria
605498,Andrew,Suarez
605155,Colten,Brewer
592848,Zack,Weiss
460060,Cliff,Pennington
642152,Lou,Trivino
639373,Gerson,Bautista
642571,Merandy,Gonzalez
592145,Jesse,Biddle
605121,Justin,Anderson
643466,Harrison,Musgrave
641778,Eric,Lauer
657770,Eric,Stout
621261,Corey,Oswalt
458924,Jonny,Venters
656805,Trevor,Oaks
467055,Pablo,Sandoval
592769,D.J.,Snelten
592468,Nick,Kingham
605130,Scott,Barlow
647336,Mike,Soroka
593833,Wander,Suero
622864,Fernando,Romero
592094,Jason,Adam
664869,P.J.,Conlon
622554,Seranthony,Dominguez
606995,Justin,Hancock
622694,Elieser,Hernandez
605276,David,Hess
642547,Freddy,Peralta
608654,Johnny,Field
448167,Brandon,Mann
642558,Ariel,Jurado
434778,Kendrys,Morales
525768,Tim,Collins
605446,Dereck,Rodriguez
621289,Jaime,Schultz
623402,Tim,Peterson
669456,Shane,Bieber
621141,Walker,Lockett
642701,Dennis,Santana
620454,Jose,Castillo
596295,Austin,Gomber
622446,Jefry,Rodriguez
622783,Sandy,Baez
605486,Cory,Spangenberg
641793,Zack,Littell
657571,Caleb,Ferguson
576397,Jedd,Gyorko
650895,Diego,Castillo
656222,Jalen,Beeks
656738,Ben,Meyer
542289,Daniel,Corcino
657786,Jerry,Vasto
607572,Sam,Howard
606162,Yefry,Ramirez
519295,Jake,Smolinski
621044,Jesmuel,Valentin
642528,Jonathan,Loaisiga
657228,Jake,Jewell
446386,Brandon,Guyer
605255,Brett,Graves
656354,Austin,Davis
622075,Yency,Almonte
594824,Greg,Garcia
622098,Drew,Smith
641571,Heath,Fillmyer
476594,Robert,Stock
621249,Duane,Underwood
641341,Tyler,Bashlor
621366,Ryan,Borucki
664682,Ryan,Meisinger
643316,Paul,Fry
571602,Matt,Davidson
489448,Mike,Zagurski
641154,Pablo,Lopez
664196,Tanner,Anderson
607216,Joey,Krehbiel
623465,Evan,Phillips
462480,Rhiner,Cruz
448602,Mark,Reynolds
425772,Jeff,Mathis
605143,Ray,Black
518489,Ryan,Brasier
669203,Corbin,Burnes
543193,Drew,Gagnon
660853,Enyel,De Los Santos
488671,Alex,Avila
656803,James,Norwood
607468,Alex,Blandino
672335,Cionel,Perez
542946,Jeremy,Bleich
670036,Matt,Festa
553902,Willians,Astudillo
608723,Austin,Voth
600303,Tommy,La Stella
605170,Victor,Caratini
664023,Ian,Happ
519203,Anthony,Rizzo
624636,Carlos,Tocci
607387,Ryan,Rua
594965,Daniel,Poncedeleon
571771,Enrique,Hernandez
624133,Ranger,Suarez
460576,Carlos,Gomez
641712,Dakota,Hudson
663465,Kolby,Allard
408314,Jose,Reyes
605488,Jeffrey,Springs
592238,Brandon,Cumpton
606944,Cody,Carroll
656725,Alex,McRae
502143,Danny,Valencia
622772,Jimmy,Cordero
660875,Jesus,Reyes
664856,Chance,Adams
641598,Mitch,Garver
605301,Williams,Jerez
622259,Trey,Wingenter
640447,Phillip,Ervin
664028,Brett,Kennedy
641149,Wes,Parsons
607030,Adam,McCreery
656977,Chad,Sobotka
656798,Jacob,Nix
623381,Thomas,Pannone
516472,Francisco,Arcia
640464,Kohl,Stewart
641525,Brandon,Dixon
657053,Touki,Toussaint
656887,Sean,Reid-Foley
621142,Ty,Buttrey
591672,Osmer,Morales
596451,Roman,Quinn
664068,Scott,Kingery
518586,Charlie,Culberson
623354,Daniel,Zamora
488818,Chase,d'Arnaud
596101,Justin,Shafer
669060,Bryse,Wilson
624427,Stephen,Gonsalves
623470,Jake,Newberry
664285,Framber,Valdez
656629,Michael,Kopech
621114,Ryan,Burr
573166,Murphy,Smith
642028,Josh,Rogers
641656,Ian,Hamilton
592858,Rowan,Wick
657624,Josh,James
607755,Andrew,Vasquez
592712,Connor,Sadzeck
605260,Taylor,Guerrieri
622774,Jose Manuel,Fernandez
621350,Caleb,Frare
605501,Stephen,Tarpley
657117,Austen,Williams
656257,Jeff,Brigham
657140,Kyle,Wright
621098,Eric,Hanhold
641962,C.D.,Pelham
657209,Dean,Deetz
641851,Kyle,McGowin
656814,Luis,Ortiz
661255,Yoan,Lopez
597113,DJ,Johnson
595897,Nick,Burdi
605513,Spencer,Turnbull
623364,Brad,Wieck
664180,Matt,Hall
656954,Justus,Sheffield
607644,John,Means
607054,Jace,Peterson
572761,Matt,Carpenter
518792,Jason,Heyward
407812,Matt,Holliday
425509,Jhonny,Peralta
571431,Matt,Adams
451594,Dexter,Fowler
624585,Jorge,Soler
516770,Starlin,Castro
425877,Yadier,Molina
543939,Kolten,Wong
458085,Chris,Coghlan
592609,Mike,Olt
570489,Arismendy,Alcantara
594777,Kole,Calhoun
545361,Mike,Trout
405395,Albert,Pujols
459964,Matt,Joyce
457706,Austin,Jackson
452234,Seth,Smith
429664,Robinson,Cano
443558,Nelson,Cruz
501896,David,Freese
543068,C.J.,Cron
572122,Kyle,Seager
489149,Logan,Morrison
572287,Mike,Zunino
455104,Chris,Iannetta
543213,Johnny,Giavotella
554429,Dustin,Ackley
543543,Brad,Miller
448605,Justin,Ruggiano
458913,Eric,Young Jr.
455976,Nick,Markakis
518692,Freddie,Freeman
543829,Dee,Gordon
592885,Christian,Yelich
519317,Giancarlo,Stanton
430637,Kelly,Johnson
430948,Alberto,Callaspo
592743,Andrelton,Simmons
434604,Michael,Morse
445988,Martin,Prado
542303,Marcell,Ozuna
457454,Jarrod,Saltalamacchia
588751,Adeiny,Hechavarria
457727,Cameron,Maybin
457477,Alejandro,De Aza
592518,Manny,Machado
430945,Adam,Jones
456665,Steve,Pearce
501983,Travis,Snider
430321,Delmon,Young
444379,John,Jaso
519306,Steven,Souza Jr.
452678,Asdrubal,Cabrera
570731,Jonathan,Schoop
543376,Caleb,Joseph
446334,Evan,Longoria
425766,James,Loney
457775,Desmond,Jennings
425784,Rene,Rivera
523253,Logan,Forsythe
595281,Kevin,Kiermaier
430203,David,DeJesus
605141,Mookie,Betts
456030,Dustin,Pedroia
120074,David,Ortiz
434670,Hanley,Ramirez
519184,Ben,Revere
546318,Odubel,Herrera
400284,Chase,Utley
429667,Ryan,Howard
425664,Shane,Victorino
593428,Xander,Bogaerts
452672,Ryan,Hanigan
429713,Grady,Sizemore
605125,Cody,Asche
520471,Freddy,Galvis
514917,Cesar,Hernandez
501800,Allen,Craig
435063,Mike,Napoli
594809,Adam,Eaton
466320,Melky,Cabrera
547989,Jose,Abreu
444876,Alcides,Escobar
519058,Mike,Moustakas
456715,Lorenzo,Cain
541645,Avisail,Garcia
543216,Conor,Gillaspie
452095,Tyler,Flowers
543333,Eric,Hosmer
460086,Alex,Gordon
425567,Alex,Rios
521692,Salvador,Perez
408299,Omar,Infante
608672,Micah,Johnson
456422,Michael,Bourn
543401,Jason,Kipnis
488726,Michael,Brantley
514888,Jose,Altuve
543807,George,Springer
472528,Luis,Valbuena
467793,Carlos,Santana
543228,Yan,Gomes
461235,Brandon,Moss
594828,Evan,Gattis
474892,Chris,Carter
488771,Jason,Castro
502082,Lonnie,Chisenhall
608070,Jose,Ramirez
476704,Jed,Lowrie
458675,Colby,Rasmus
545350,Jake,Marisnick
453568,Charlie,Blackmon
471865,Carlos,Gonzalez
453064,Troy,Tulowitzki
408047,Justin,Morneau
571448,Nolan,Arenado
572816,Corey,Dickerson
460026,Nick,Hundley
518960,Jonathan,Lucroy
460075,Ryan,Braun
518934,DJ,LeMahieu
133380,Aramis,Ramirez
452252,Adam,Lind
501981,Khris,Davis
516416,Jean,Segura
502582,Logan,Schafer
467827,Gerardo,Parra
499864,Luis,Jimenez
453211,Drew,Stubbs
455117,Martin,Maldonado
542454,Danny,Santana
572821,Brian,Dozier
408045,Joe,Mauer
434658,Rajai,Davis
435079,Ian,Kinsler
408234,Miguel,Cabrera
400121,Victor,Martinez
116338,Torii,Hunter
573627,Kennys,Vargas
461858,Trevor,Plouffe
502110,J.D.,Martinez
493316,Yoenis,Cespedes
592206,Nicholas,Castellanos
578428,Jose,Iglesias
542455,Oswaldo,Arcia
435559,Kurt,Suzuki
457788,Jordan,Schafer
434158,Curtis,Granderson
431151,David,Wright
446263,Lucas,Duda
150212,Michael,Cuddyer
572191,Michael A.,Taylor
488862,Yunel,Escobar
547180,Bryce,Harper
475582,Ryan,Zimmerman
467092,Wilson,Ramos
502517,Daniel,Murphy
501571,Juan,Lagares
518595,Travis,d'Arnaud
435622,Ian,Desmond
462564,Dan,Uggla
527038,Wilmer,Flores
543590,Kirk,Nieuwenhuis
544925,Matthew,den Dekker
460055,John,Mayberry
543281,Josh,Harrison
570256,Gregory,Polanco
457705,Andrew,McCutchen
435522,Neil,Walker
571740,Billy,Hamilton
458015,Joey,Votto
453943,Todd,Frazier
516782,Starling,Marte
476883,Pedro,Alvarez
465041,Francisco,Cervelli
519023,Devin,Mesoraco
407781,Marlon,Byrd
457803,Jay,Bruce
408252,Brandon,Phillips
446359,Zack,Cozart
474568,Jordy,Mercer
518911,Andrew,Lambo
458689,Chris,Dominguez
446481,Sean,Rodriguez
571976,Wil,Myers
519083,Derek,Norris
461314,Matt,Kemp
457708,Justin,Upton
519025,Will,Middlebrooks
276519,Jimmy,Rollins
624577,Yasiel,Puig
408236,Adrian,Gonzalez
435062,Howie,Kendrick
475174,Yonder,Alonso
425549,Clint,Barmes
408307,Carl,Crawford
346874,Juan,Uribe
592626,Joc,Pederson
454560,A.J.,Ellis
457759,Justin,Turner
475100,Scott,Van Slyke
444843,Andre,Ethier
605412,Joe,Panik
434636,Angel,Pagan
457763,Buster,Posey
474832,Brandon,Belt
572041,A.J.,Pollock
542255,Ender,Inciarte
502671,Paul,Goldschmidt
444432,Mark,Trumbo
431171,Casey,McGehee
543063,Brandon,Crawford
453923,Gregor,Blanco
431094,Aaron,Hill
572008,Chris,Owings
488912,Tuffy,Gosewisch
605113,Nick,Ahmed
457574,Jordan,Pacheco
622110,Matt,Duffy
571875,Jake,Lamb
444482,David,Peralta
462101,Elvis,Andrus
425902,Prince,Fielder
502226,Craig,Gentry
453539,Sam,Fuld
450314,Ben,Zobrist
456714,Billy,Butler
134181,Adrian,Beltre
425783,Shin-Soo,Choo
543434,Brett,Lawrie
519390,Stephen,Vogt
543760,Marcus,Semien
519299,Eric,Sogard
455139,Robinson,Chirinos
596059,Rougned,Odor
431145,Russell,Martin
430832,Jose,Bautista
453056,Jacoby,Ellsbury
458731,Brett,Gardner
136860,Carlos,Beltran
429665,Edwin,Encarnacion
518626,Josh,Donaldson
425900,Dioner,Navarro
592647,Dalton,Pompey
407893,Mark,Teixeira
435263,Brian,McCann
452104,Chase,Headley
607680,Kevin,Pillar
581527,Devon,Travis
121347,Alex,Rodriguez
452220,Stephen,Drew
544369,Didi,Gregorius
430001,Rickie,Weeks Jr.
518577,Collin,Cowgill
453400,Chris,Johnson
456781,Donovan,Solano
448801,Chris,Davis
465784,Everth,Cabrera
542921,Tim,Beckham
501255,Rafael,Ynoa
518735,Yasmani,Grandal
500208,Yangervis,Solarte
435078,Joaquin,Arias
516949,Hector,Sanchez
452239,Justin,Maxwell
449786,Carlos,Corporan
519068,Efren,Navarro
150229,A.J.,Pierzynski
488852,Allan,Dykstra
543432,Ryan,Lavarnway
537953,Daniel,Nava
573131,Darin,Ruf
493596,Gordon,Beckham
570560,Yolmer,Sanchez
449107,Mike,Aviles
543257,Robbie,Grossman
501647,Wilin,Rosario
543238,Anthony,Gose
543510,James,McCann
456488,Eduardo,Nunez
543302,Chris,Herrmann
430611,Corey,Hart
453269,Brennan,Boesch
628356,Jung Ho,Kang
435401,Skip,Schumaker
506997,Tony,Sanchez
461416,Will,Venable
408042,Gerald,Laird
519333,Matt,Szczur
425496,Cody,Ross
592192,Mark,Canha
592261,Delino,DeShields
475253,Justin,Smoak
455759,Chris,Young
571788,Brock,Holt
434567,Geovany,Soto
449181,Paulo,Orlando
466988,Emilio,Bonifacio
547379,Roberto,Perez
474233,Hank,Conger
542340,Jonathan,Villar
446653,Jose,Lobaton
407862,Reed,Johnson
502117,Kristopher,Negron
476270,Steve,Tolleson
571974,John Ryan,Murphy
463610,Gregorio,Petit
506702,Sandy,Leon
456078,Welington,Castillo
468406,Jonathan,Herrera
594838,Phil,Gosselin
467143,Hector,Gomez
217100,Willie,Bloomquist
545341,Randal,Grichuk
488721,Peter,Bourjos
543484,Mikie,Mahtook
435064,Bobby,Wilson
519237,Cameron,Rupp
543742,Jerry,Sands
451713,Carlos,Peguero
503556,Marwin,Gonzalez
648717,Alex,Guerrero
457787,Danny,Espinosa
502374,Michael,McKenry
605227,Taylor,Featherston
489232,Anthony,Recker
502210,Josh,Reddick
408242,Wil,Nieves
430910,Brayan,Pena
518902,Pete,Kozma
430603,Don,Kelly
425557,Jeff,Baker
502481,Jarrod,Dyson
150029,Jayson,Werth
630111,Yasmany,Tomas
592663,J.T.,Realmuto
458582,Reid,Brignac
518953,David,Lough
493472,Eric,Campbell
518568,Christian,Colon
594940,Danny,Muno
595386,Jason,Rogers
592178,Kris,Bryant
572180,Andrew,Susac
517370,Jimmy,Paredes
592166,Ryan,Brett
571466,Tucker,Barnhart
451109,Brett,Hayes
455755,Chris,Stewart
593525,Orlando,Calixte
452655,Denard,Span
608365,Addison,Russell
467070,Elian,Herrera
457760,Danny,Dorn
502317,Chris,Heisey
488810,Tony,Cruz
542883,Dean,Anna
519071,Rey,Navarro
489365,Josh,Thole
571970,Max,Muncy
502205,Grant,Green
459431,Michael,Saunders
571506,Justin,Bour
518542,Juan,Centeno
592774,Cody,Stanley
543321,L.J.,Hoes
516809,Junior,Lake
452035,Kyle,Blanks
502409,Jonathan,Diaz
599096,Dilson,Herrera
596119,Blake,Swihart
542993,Billy,Burns
485567,Ezequiel,Carrera
500207,Jhonatan,Solano
542994,Joey,Butler
595978,Austin,Hedges
621035,Chris,Taylor
430897,Nick,Swisher
499624,Chris,Colabello
542208,Carlos,Perez
543459,Steve,Lombardozzi
506747,Francisco,Pena
517369,Jose,Pirela
424825,Coco,Crisp
592696,Eddie,Rosario
448674,Doug,Bernier
429666,J.J.,Hardy
605512,Preston,Tucker
465674,Pedro,Ciriaco
543768,Travis,Shaw
595025,Zach,Walters
476192,Johnny,Monell
501659,Abraham,Almonte
598265,Jackie,Bradley
474494,Tommy,Field
571868,Marc,Krauss
543305,Aaron,Hicks
596748,Maikel,Franco
592239,Todd,Cunningham
489305,Xavier,Scruggs
452254,Hunter,Pence
488689,Mike,Baxter
607385,Tyler,Collins
467798,Jose,Tabata
594694,Wilmer,Difo
572019,Ben,Paulsen
571553,Darrell,Ceciliani
611177,Adonis,Garcia
488681,Brandon,Barnes
628329,Rusney,Castillo
519107,Andy,Parrino
493128,Munenori,Kawasaki
571761,Slade,Heathcott
605131,Austin,Barnes
553988,Dixon,Machado
285078,Josh,Hamilton
502182,Steve,Clevenger
501245,Alfredo,Marte
593643,Hanser,Alberto
446225,Ed,Easley
570717,Ramon,Flores
608336,Joey,Gallo
451089,Shane,Peterson
543685,Anthony,Rendon
571665,Daniel,Fields
446308,Matt,Wieters
519345,Joey,Terdoslavich
474443,Ivan,De Jesus
594988,Scott,Schebler
621043,Carlos,Correa
460099,Nolan,Reimold
425834,Melvin,Upton
570482,Gio,Urshela
605323,Kyle,Kubitza
593871,Jorge,Polanco
592621,Kyle,Parker
553993,Eugenio,Suarez
518618,Derek,Dietrich
592863,Mason,Williams
592620,Jarrett,Parker
592200,Curt,Casali
488703,Jeff,Bianchi
596019,Francisco,Lindor
621439,Byron,Buxton
543706,Daniel,Robertson
502126,Domonic,Brown
571825,James,Jones
656941,Kyle,Schwarber
570267,Domingo,Santana
476633,Chris,Parmelee
593495,Daniel,Castro
516811,Eury,Perez
477165,Brett,Wallace
429711,Franklin,Gutierrez
574831,Michael,Choice
448170,Travis,Ishikawa
500743,Miguel,Rojas
502261,Cole,Gillespie
572138,Jon,Singleton
491676,Gorkys,Hernandez
571918,Deven,Marrero
430652,Jason,Bourgeois
502034,Emmanuel,Burriss
501303,Ehire,Adrianza
593934,Miguel,Sano
502100,Alex,Presley
502054,Tommy,Pham
489067,Ryan,Lollis
543038,Dusty,Coleman
527043,Jefry,Marte
460003,Taylor,Teagarden
596144,Cheslor,Cuthbert
572233,Christian,Walker
518700,Eric,Fryer
518170,Jordany,Valdespin
430681,Dan,Johnson
502676,Cole,Figueroa
524968,Jesus,Montero
573135,Tyler,Saladino
608701,Rob,Refsnyder
542513,Tomas,Telis
591712,Oscar,Hernandez
543569,Brent,Morel
572039,Stephen,Piscotty
542583,Jesus,Aguilar
624424,Michael,Conforto
457789,Jemile,Weeks
592710,Josh,Rutledge
606466,Ketel,Marte
458668,Jordan,Danks
592835,Kyle,Waldrop
605509,Kelby,Tomlinson
572128,Richie,Shaffer
572204,Trayce,Thompson
595005,Ryan,Strausborger
543105,Alex,Dickerson
457449,Jamie,Romak
606299,Jose,Peraza
473724,Matt,McBride
595885,Greg,Bird
543633,Juan Carlos,Perez
625329,Henry,Urrutia
594555,Garin,Cecchini
474249,Ryan,Jackson
592230,Kaleb,Cowart
571437,Aaron,Altherr
572182,Darnell,Sweeney
572863,Dustin,Garneau
607208,Trea,Turner
608671,Travis,Jankowski
518755,Matt,Hague
457926,Paul,Janish
450317,J.P.,Arencibia
645848,Dariel,Alvarez
545358,Max,Stassi
543308,John,Hicks
594807,Adam,Duvall
445095,Jason,Pridie
592273,Brandon,Drury
542436,Cristhian,Adames
595879,Javier,Baez
493343,Hector,Olivera
571912,Luke,Maile
605253,Terrance,Gore
552662,Stefen,Romero
502523,Shawn,O'Malley
608369,Corey,Seager
450641,Quintin,Berry
541608,Ramon,Cabrera
519082,Nick,Noonan
502570,Rocky,Gale
542942,Carson,Blair
460131,Brian,Bogusevic
519425,Jackson,Williams
593647,Socrates,Brito
502213,Nevin,Ashley
570615,Steven,Moya
571467,Steven,Baron
598284,Peter,O'Brien
608596,Tom,Murphy
553869,Elias,Diaz
591720,Ronald,Torreyes
542908,Jett,Bandy
572804,Cody,Decker
592274,Matt,Duffy
623143,Trevor,Brown
600474,Pedro,Severino
592680,Yadiel,Rivera
502023,Travis,Tartamella
542979,Keon,Broxton
607776,Mac,Williamson
435623,Kevin,Frandsen
605439,Michael,Reed
596146,Max,Kepler
457762,Bryan,Anderson
446192,Adam,Moore
519222,Austin,Romine
592596,Rico,Noel
596142,Gary,Sanchez
596847,Ji-Man,Choi
546991,Albert,Almora
643364,Chad,Hinshaw
664058,David,Fletcher
660168,Roberto,Baldoquin
543148,Tim,Federowicz
607430,John,Andreoli
621493,Taylor,Ward
595887,Jeff,Boehm
622017,Yasiel,Balaguert
571681,Rey,Fuentes
571757,Jeremy,Hazelbaker
596115,Trevor,Story
518466,Jabari,Blash
666560,ByungHo,Park
572073,Joey,Rickard
501986,Cedric,Hunter
493193,Dae-Ho,Lee
595023,Colin,Walsh
571980,Tyler,Naquin
547172,Tony,Wolters
649557,Aledmys,Diaz
595963,Tyler,Goeddel
547957,Hyun Soo,Kim
608577,Nomar,Mazara
605480,Mallex,Smith
543877,Christian,Vazquez
542364,Rafael,Ortega
593523,Marco,Hernandez
518625,Matt,Dominguez
501888,Ryan,Kalish
449168,Matt,Tuiasosopo
518991,Darin,Mastroianni
592325,Ben,Gamel
542992,Andy,Burns
571830,Tommy,Joseph
593700,Alen,Hanson
608703,Matt,Reynolds
593160,Whit,Merrifield
592567,Colin,Moran
643393,Tony,Kemp
592731,Steve,Selsky
571841,Ty,Kelly
518649,Brett,Eibner
595777,Jurickson,Profar
474319,Brandon,Snyder
605183,Jason,Coats
641313,Tim,Anderson
455369,Ramiro,Pena
519445,Danny,Worth
572114,Ryan,Schimpf
607732,Jacob,Stallings
575929,Willson,Contreras
518490,Bryce,Brentz
624428,Adam,Frazier
607223,AJ,Reed
607043,Brandon,Nimmo
623166,Mike,Miller
600869,Jeimer,Candelario
519421,Andy,Wilkins
605137,Josh,Bell
592808,Andrew,Toles
451705,Alberto,Rosario
592387,Ryon,Healy
570481,Erik,Gonzalez
553882,Omar,Narvaez
474865,Julio,Borbon
622194,Bruce,Maxwell
621311,David,Dahl
608324,Alex,Bregman
609275,Adalberto,Mondesi
602922,Jose,Rondon
628338,Guillermo,Heredia
621559,Max,Moroff
444489,Manny,Pina
643217,Andrew,Benintendi
605508,Charlie,Tilson
606115,Orlando,Arcia
573113,Tony,Renda
571718,Brian,Goodwin
574847,Rob,Segedin
608061,T.J.,Rivera
606192,Teoscar,Hernandez
502544,Nick,Buss
592122,Tyler,Austin
592450,Aaron,Judge
435180,Robert,Andino
571745,Mitch,Haniger
621020,Dansby,Swanson
623182,Patrick,Kivlehan
640461,Chad,Pinder
493329,Yuli,Gurriel
506924,Stephen,Cardullo
607257,Raffy,Lopez
592444,JaCoby,Jones
621563,Joey,Wendle
607345,Kevan,Smith
492802,Juan,Graterol
606132,Raimel,Tapia
660162,Yoan,Moncada
543329,Destin,Hood
571812,Kyle,Jensen
454975,Hernan,Iribarren
608348,Carson,Kelly
500874,Jose,Martinez
642162,Pat,Valaika
641958,Jordan,Patterson
503437,James,Beresford
608325,Gavin,Cecchini
503351,Blake,Lalli
621566,Matt,Olson
600524,Renato,Nunez
641531,Hunter,Dozier
595751,Jorge,Alfaro
596129,Daniel,Vogelbach
570639,Yefri,Perez
641820,Trey,Mancini
641319,Carlos,Asuaje
592669,Hunter,Renfroe
578570,Juniel,Querecuto
622534,Manuel,Margot
500887,Josmil,Pinto
547004,Rio,Ruiz
571851,Spencer,Kieboom
650490,Yandy,Diaz
519346,Eric,Thames
595426,Brock,Stassi
642707,Allen,Cordoba
620443,Luis,Torrens
594576,Jacob,May
502029,Chris,Marrero
592685,Drew,Robinson
595284,Andrew,Knapp
642156,Stuart,Turner
595375,JT,Riddle
622666,Johan,Camargo
543309,Kyle,Higashioka
591994,Willy,Garcia
608385,Jesse,Winker
591741,Jose,Osuna
593528,Jorge,Bonifacio
451192,Jim,Adduci
624414,Christian,Arroyo
641355,Cody,Bellinger
547912,Gift,Ngoepe
572669,Lane,Adams
622441,Rafael,Bautista
657524,John,Bormann
621471,Boog,Powell
642423,Magneuris,Sierra
607471,Christopher,Bostick
572000,Mike,Ohlman
605548,Bradley,Zimmer
543611,Danny,Ortiz
596105,Dwight,Smith
546990,Anthony,Alford
545337,Nolan,Fontana
607752,Sam,Travis
641553,Adam,Engel
614173,Franchy,Cordero
657557,Paul,DeJong
596103,Austin,Slater
642094,Tyler,Smith
621433,Brett,Phillips
593527,Ramon,Torres
502151,Chad,Huffman
595144,Jaycob,Brugman
621446,Lewis,Brinson
572241,David,Washington
605233,Derek,Fisher
656305,Matt,Chapman
573088,Cameron,Perkins
657145,Mark,Zagunis
622210,Ian,Parmley
624507,Ryder,Jones
620439,Franklin,Barreto
572228,Luke,Voit
624407,Tzu-Wei,Lin
643565,Mike,Tauchman
642180,Tyler,Wade
666561,Jae-Gyun,Hwang
609280,Miguel,Andujar
622270,Alex,Mejia
545121,Ildemaro,Vargas
608384,Nick,Williams
640449,Clint,Frazier
506703,Adrian,Sanchez
622497,Miguel,Gomez
643335,Zack,Granite
643265,Garrett,Cooper
664057,Andrew,Stevenson
646240,Rafael,Devers
664056,Harrison,Bader
656669,Jordan,Luplow
519037,Carlos,Moncrief
571657,Kyle,Farmer
595373,Jack,Reinheimer
645277,Ozzie,Albies
642708,Amed,Rosario
547170,Nicky,Delmonico
595956,Cam,Gallagher
527049,Cesar,Puello
656555,Rhys,Hoskins
642086,Dominic,Smith
641857,Ryan,McMahon
623993,Anthony,Santander
607369,Travis,Taijeron
595453,Chad,Wallach
571679,David,Freitas
572227,Zach,Vincej
642336,Francisco,Mejia
656185,Greg,Allen
657077,Alex,Verdugo
605119,Brian,Anderson
620446,Richard,Urena
592348,Niko,Goodrum
607297,O'Koyea,Dickson
542642,Rymer,Liriano
600466,Raudy,Read
641487,J.P.,Crawford
591971,Breyvic,Valera
543362,A.J.,Jimenez
669720,Austin,Hays
645302,Victor,Robles
642082,Chance,Sisco
595943,Phillip,Evans
543089,Taylor,Davis
595238,Jacob,Hannemann
605357,Mike,Marjama
641432,Willie,Calhoun
621512,Tomas,Nido
570799,Christian,Villanueva
641796,Tim,Locastro
622168,Yairo,Munoz
657658,Braxton,Lee
641856,Billy,McKinney
622682,Victor,Reyes
643396,Isiah,Kiner-Falefa
501213,Moises,Sierra
608597,Ronald,Guzman
641924,Jacob,Nottingham
622713,Engelb,Vielma
641933,Tyler,O'Neill
666971,Lourdes,Gurriel Jr.
623520,David,Bote
571595,Noel,Cuevas
650402,Gleyber,Torres
660670,Ronald,Acuna
595222,Mike,Gerber
594953,Daniel,Palka
594011,Rosell,Herrera
642770,Javy,Guerra
606988,Grayson,Greiner
641583,Dustin,Fowler
641645,Luis,Guillorme
614177,Franmil,Reyes
665742,Juan,Soto
640457,Austin,Meadows
641684,Michael,Hermosillo
595909,Jake,Cave
642715,Willy,Adames
593993,Jose,Briceno
554054,Alfredo,Gonzalez
605474,Matt,Skole
640460,Dustin,Peterson
605520,Mitch,Walding
500135,Ronny,Rodriguez
622226,Dylan,Cozens
642851,Austin,Wynns
605361,Nick,Martini
641343,Jake,Bauers
628336,Jose Miguel,Fernandez
624431,Jose,Trevino
543377,Corban,Joseph
592859,Steve,Wilkerson
664842,Kevin,Kaczmarski
644337,Nate,Orf
663656,Kyle,Tucker
621453,Steven,Duggar
641658,Garrett,Hampson
642211,Justin,Williams
643446,Jeff,McNeil
605421,Michael,Perez
656811,Ryan,O'Hearn
543194,Isaac,Galloway
657656,Ramon,Laureano
664040,Brandon,Lowe
666969,Adolis,Garcia
576788,Dan,Butler
656775,Cedric,Mullins
621550,Patrick,Wisdom
643376,Danny,Jansen
621573,Austin,Dean
606157,Aristides,Aquino
621028,Kevin,Newman
649966,Luis,Urias
608475,Dawel,Lugo
622046,Chris,Shaw
605244,Aramis,Garcia
650619,Meibrys,Viloria
622569,Pablo,Reyes
606992,Eric,Haase
664167,Blake,Trahan
624419,Nick,Ciuffo
623205,Andrew,Velazquez
602115,Gabriel,Guerrero
641477,Ryan,Cordell
596012,Kevin,Kramer
641505,Jonathan,Davis
642133,Rowdy,Tellez
624512,Reese,McGuire
621529,Joe,Hudson
623214,Abiatal,Avelino
621514,Christin,Stewart
621466,DJ,Stewart
607333,Beau,Taylor
582473,Sherman,Johnson
664702,Myles,Straw
624641,Edmundo,Sosa
605612,Harold,Castro
542932,Jon,Berti
